added_at_playlist,uri,name,popularity,duration_ms,is_explicit,album_name,album_release_date
2021-03-02T06:37:08Z,spotify:track:0ZTLlGCJPlvVwUQKNqaU31,Economy of Freedom,36,295803,False,Safe In The Hands of Love,2018-09-05
2021-03-02T06:29:20Z,spotify:track:4JHD4Ce3WWAzbcRApwpZBt,Marienbad,0,324813,False,Ekstasis (Expanded),2012-12-11
2021-03-02T06:26:12Z,spotify:track:5jeQf8gibTkyNoNbtrHebd,11,16,109897,False,Black Is Beautiful,2012
2021-03-02T06:24:48Z,spotify:track:35VfLKymw2iZKWnLTvm8Xv,Alien Observer,50,236480,False,A I A: Alien Observer,2011-04-11
2021-03-02T06:21:31Z,spotify:track:1OStEtFJJ7xMbgQfp5C3j9,Passionfruit,58,274728,False,EP2,2017-11-03
2021-03-02T06:17:03Z,spotify:track:3D3lFL1x5dLuFVVSNcenVI,8,23,158583,False,Black Is Beautiful,2012
2021-03-02T06:12:48Z,spotify:track:0mgEmRImUh3eavQfOizNYx,2,29,133823,False,Black Is Beautiful,2012
2021-03-02T06:12:39Z,spotify:track:600tA1gbf9oKO29goLQbfe,God Hour (feat. Micachu),32,155779,False,"""BBF"" Hosted By DJ Escrow",2016-04-01
2021-03-02T05:53:59Z,spotify:track:4G2wDx4EztZCPNz4sVHOFF,Meditation (feat. Arca),29,320449,False,"""BBF"" Hosted By DJ Escrow",2016-04-01
2021-03-02T05:53:38Z,spotify:track:6idIUL2E6rk9LlQAvg3eqM,Skywalker,30,213031,True,419 (Remastered),2016-11-26
2021-03-01T01:00:46Z,spotify:track:5gKsCUUeO3wmx2FKqI2rt7,How to Fight (La Petite Mort Edit),29,292000,False,Phoenix: La Petite Mort Édition,2021-02-26
2021-03-01T01:00:09Z,spotify:track:6Q3ZjWvNbybtRLZNZx3ltJ,High Tide,43,179686,False,Trinity,2019-10-18
2021-03-01T00:54:02Z,spotify:track:3trptNSVKUejHbWwvYoq0Q,Nocturne,38,336666,False,~~~,2019-03-15
2021-03-01T00:51:02Z,spotify:track:6X5BpzF5MpGY0EXBi9Ni7m,No harm,36,228100,False,Have fun,2018-03-06
2021-03-01T00:35:39Z,spotify:track:1438FzaDW0V4T9jys3eRwX,The Last Train's Come and Gone,38,217520,False,Act of Tenderness,2018-02-23
2021-03-01T00:35:36Z,spotify:track:6PN8bVP6kjAW6UwqileVWR,Water Music,37,389681,False,Ultraviolet,2018-11-02
2021-03-01T00:35:35Z,spotify:track:6VI6LnXQSm7NI7ptuQ7Dl4,Camille,44,304144,False,Because of a Flower,2020-11-13
2021-03-01T00:05:00Z,spotify:track:5MZQmUlYE5kc5Vv7QIKYmR,Spells,39,370707,False,Spells,2018-04-11
2021-03-01T00:00:27Z,spotify:track:75mMC2cnD58FHOrMGmxf6i,Immortality,36,244000,False,~~~,2019-03-15
2021-02-10T03:50:48Z,spotify:track:2iHvSdltCRLlCVYAjRxLNj,Tom,23,184031,False,Modeselektion Vol. 03 Pt. 1,2014-06-27
2021-02-01T03:10:53Z,spotify:track:4qm8sWdYoXkdhMN8EL9mAL,I'm Clean Now,51,174370,False,Paradise Valley,2016-12-21
2021-01-30T02:08:20Z,spotify:track:2KQkhr5XYTQkSi8UxYM6JJ,3OHA - Eartheater Rework,0,358186,False,3OHA (Eartheater Rework),2019-10-17
2021-01-28T03:40:29Z,spotify:track:6wZDaDFXoCYeV7aMLOH0Uz,Caught in a Lie,34,235784,False,I Used to Spend So Much Time Alone,2017-06-02
2021-01-28T03:08:16Z,spotify:track:14qg0bStIzSQVy74nNyuGk,PINK,34,410491,False,Render Another Ugly Method,2018-09-07
2021-01-23T20:58:04Z,spotify:track:5B4chrLWhupcxEqOQu0aqg,First Weeks,32,384142,False,In Roses,2014-01-28
2021-01-23T20:49:34Z,spotify:track:6sJlchLIX2krydtTBxsXUU,door to the cosmos,48,374951,False,Void XIV,2017-09-13
2021-01-20T03:33:40Z,spotify:track:2vLUk3fQD4Bsaii1db5O3j,Agatka (Agatha! You're Being Melodramatic!),39,266853,False,Come In,2019-04-29
2020-11-08T23:11:41Z,spotify:track:4ujF9uIt1jQGBJRhaPgHf9,Painter of Tygers,22,264309,False,Ghost Forests,2018-11-09
2020-10-13T03:30:25Z,spotify:track:20fYwcE5fly6uwvcR9csr5,Ttrabul 2 (see page 42),30,126225,False,"A Quiet Farwell, 2016–2018 (Crater Speak)",2019-04-18
2020-10-10T21:20:52Z,spotify:track:1XJOrr8OTcB1D4u1mUM0vg,Lost At Sea,22,406153,False,One Life,2019-11-01
2020-08-28T18:49:28Z,spotify:track:76gyRfQNzjMsCOoE3KJFmc,Bucciarati,23,236970,False,Bucciarati,2020-08-18
2020-08-16T04:58:02Z,spotify:track:5ZlLTN0dYaKbIiZ3E6JA3I,Motorcycle,15,110320,False,The Original Faces,2015-09-04
2020-08-14T18:32:02Z,spotify:track:4P5Q5d9PSiRPn692YiTD5d,Penelope Freestyle,41,222531,True,419 (Remastered),2016-11-26
2020-08-12T21:57:59Z,spotify:track:6PInkrdWpzFi6c4Ffrzs3q,Baybee,45,225253,False,Everybody Works,2017-03-10
2020-07-15T02:36:55Z,spotify:track:5yT5gTAWIoF97BiI5Ed2h3,Shinzo No Tobira,46,282386,False,Utakata No Hibi,1983
2020-07-13T21:10:20Z,spotify:track:0c0Z5agmnSibjIWjdZV6R1,IZ-US,54,177266,False,Come To Daddy,1997-10-06
2020-07-13T21:10:17Z,spotify:track:4q650OiSDQIwccxDFpuuBm,Flim,54,177093,False,Come To Daddy,1997-10-06
2020-07-10T01:03:53Z,spotify:track:2O4bAzoW3U2GPIzpsEVGO9,song of the sleeping forest,36,258253,False,Symbol,2004-10-27
2020-07-10T01:03:24Z,spotify:track:31FiS1jMI38kYfC8ey358W,dlp 1.1,41,3815786,False,The Disintegration Loops (Remastered),2014-09-02
2020-06-20T03:04:18Z,spotify:track:6iisVF84yFUSmX0kXc9cYk,Pearl’s Girl - Remastered,32,577053,False,Second Toughest In The Infants (Deluxe / Remastered),1996
2020-06-18T02:30:38Z,spotify:track:7DlDsm4ZDGYXiJkNb7YbOd,"The Truth, The Glow, The Fall",31,727554,False,Dead Magic,2018-03-02
2020-06-18T02:20:47Z,spotify:track:0MgBSd3GVQQyK4ihtXO6LZ,Nose Grows Some,3,322512,False,Tomorrow's Modern Boxes,2014
2020-06-16T04:42:17Z,spotify:track:031TQHn8ICGcAKkOwWvMNG,Die Dinge des Lebens,35,296270,False,The Amateur View,1999-04-30
2020-06-16T04:22:38Z,spotify:track:5QhpmaNA1hiNKUbojomx6l,Nebula,30,334213,False,Will,2016-05-06
2020-06-14T20:32:36Z,spotify:track:3SD1uZIMgMlL0CRZNI9VdV,Held,35,381699,False,Mono No Aware,2017-03-17
2020-06-07T03:58:40Z,spotify:track:7x1ct7s9fVqkIWwbah9NO1,Water Memory 1,38,448133,False,Water Memory,2017-12-21
2020-05-24T01:48:05Z,spotify:track:7xcbZmyRu9PA4iKeTe3aKS,0wa,8,156935,False,organ,2019-07-14
2020-05-07T02:27:21Z,spotify:track:2xx0FWH2Nb7Cwl65xxIaUy,Claustro,19,341666,False,Tunes 2011-2019,2019-12-06
2020-05-07T02:01:53Z,spotify:track:1dS0Mt5vf0wqDly1DwfLeZ,Nightmarket,17,445946,False,Tunes 2011-2019,2019-12-06
2020-04-16T00:19:14Z,spotify:track:3pHck24CChlWo2443GaOS3,Two For C,34,316500,False,Tongue,2018-02-09
2020-03-29T20:11:17Z,spotify:track:5QOdy5GeehZ3WAYQZnfW3W,Don't Break My Love,35,370677,False,Nymphs,2015-10-07
2020-03-29T19:30:29Z,spotify:track:3zj1krpb1dKwYRTqDThNr4,Mud,44,433687,False,Cenizas,2020-03-27
2020-03-27T22:02:32Z,spotify:track:4Tg0ra2NwFahHXiboKtfPW,"Showreel, Pt. 2",25,541427,False,"Showreel, Pt. 2",2017-10-10
2020-03-26T04:17:25Z,spotify:track:7uMZFFJ40W1Ufe2NuXxK26,Brazil,3,289970,False,Brazil,2017-10-27
2020-03-18T00:42:40Z,spotify:track:01ufrDfHQt4xlSpqdgbxUz,One Of My Shades,27,234489,False,"""I Could Go Anywhere But Again I Go With You""",2018-01-19
2020-02-27T22:51:01Z,spotify:track:7szZZdxzhAn8DKTk3kEyma,なぜ?,18,281243,False,Crumbling,2018-12-04
2020-02-27T19:23:40Z,spotify:track:7Ac4s39oPQY5ruGivV7IX7,Song 36,21,258551,False,Betting on an Island,2018-02-26
2020-02-19T19:30:29Z,spotify:track:021Uxj35X52xeXHjCZEFNx,Ceiling Gazing,40,489173,False,Perils from the Sea,2013-04-30
2020-02-13T19:37:32Z,spotify:track:6TzyEjhrZHE2jC2sENvZOg,With an Addict,36,424700,False,2017 - 2019,2020-02-07
2020-02-13T19:24:19Z,spotify:track:516mSAZ3wVsJHIIu2BAluA,"If You Can't Do It Good, Do It Hard",37,237522,True,2017 - 2019,2020-02-07
2020-02-13T15:09:51Z,spotify:track:4igPel7JdcarDf3bzzofjc,Alarm,35,111977,False,2017 - 2019,2020-02-07
2020-02-07T16:55:29Z,spotify:track:5HHv6hIqQWpGcFySzJZHty,Bouncy House,18,278682,False,Sonic Citadel,2019-10-11
2020-02-07T16:46:14Z,spotify:track:6XVDZoNVGvWhfSoqQhjJZI,Mythological Beauty,51,306760,False,Capacity,2017-06-09
2020-02-06T17:03:14Z,spotify:track:1CxnzQ5pmOua6owkky7xUD,abyss kiss,33,183040,False,abysskiss,2018-10-05
2020-02-06T16:53:23Z,spotify:track:147unUi3ML4lWVCMYhSMrF,cradle,34,197400,False,abysskiss,2018-10-05
2020-02-06T16:43:16Z,spotify:track:1XwgsaVrEqkKbK09oo4gra,from,34,218826,False,abysskiss,2018-10-05
2020-02-06T16:40:45Z,spotify:track:3JQss8SAZIIkVo3c8SkCTE,terminal paradise,37,239573,False,abysskiss,2018-10-05
2020-01-31T19:31:14Z,spotify:track:4awQE2dTQYX5QAZNTaQfTF,Illusions of Shameless Abundance,24,351326,True,Illusions of Shameless Abundance,2020-01-31
2020-01-30T23:16:26Z,spotify:track:7enC3VGSZI3KB8txyUVgru,Gorgeous,44,255721,False,Nothing Great About Britain,2019-05-17
2020-01-30T16:35:24Z,spotify:track:0Pbscg9OvoaqlGZln2dkNt,blue and red horses,34,197266,False,abysskiss,2018-10-05
2020-01-30T05:31:45Z,spotify:track:1JihwKk6BaWFdyCRxsKE1k,Don Henley In The Park,17,229878,False,Sonic Citadel,2019-10-11
2020-01-30T05:24:14Z,spotify:track:38wakZ93YNvmqkllWLfcYJ,Home To You,42,327198,False,Reward,2019-05-24
2019-12-26T05:25:19Z,spotify:track:3c7CEnNLplZu4C11H6xBkl,Disengaged,42,256826,False,Dragging a Dead Deer Up a Hill,2008
2019-12-26T05:25:19Z,spotify:track:7smnmEyvR4MtnyqK9eiAjx,Stuck,37,359826,False,Dragging a Dead Deer Up a Hill,2008
2019-12-26T05:25:19Z,spotify:track:7gePpUawLnGf1l1fnltiIR,When We Fall,41,127680,False,Dragging a Dead Deer Up a Hill,2008
2019-12-26T05:25:19Z,spotify:track:5uOBRzLWxGnE564iW0PF7y,Traveling Through a Sea,34,263960,False,Dragging a Dead Deer Up a Hill,2008
2019-12-26T05:25:19Z,spotify:track:637sViSUUQTBice1wmz5id,Fishing Bird (Empty Gutted in the Evening Breeze),34,231800,False,Dragging a Dead Deer Up a Hill,2008
2019-12-26T05:25:19Z,spotify:track:3pegwzmIu6j8rWq6G7z8Np,Invisible,37,235026,False,Dragging a Dead Deer Up a Hill,2008
2019-12-26T05:25:19Z,spotify:track:2lFoxhUEGpKoSHetkKHIAw,I'm Dragging a Dead Deer Up a Hill,35,141746,False,Dragging a Dead Deer Up a Hill,2008
2019-12-26T05:25:19Z,spotify:track:0wFYNeVAVjp7VXxYTLK5yF,A Cover Over,33,168560,False,Dragging a Dead Deer Up a Hill,2008
2019-12-26T05:25:19Z,spotify:track:1lUqMBDI4ttfqZUmNRvXn6,Wind and Snow,34,270680,False,Dragging a Dead Deer Up a Hill,2008
2019-12-26T05:25:19Z,spotify:track:6gYUNNgQtLzIXGA6zlTErM,Tidal Wave,34,335306,False,Dragging a Dead Deer Up a Hill,2008
2019-12-26T05:25:19Z,spotify:track:1rRnE5IhXtrQKSwU1eK756,We've All Gone to Sleep,32,183306,False,Dragging a Dead Deer Up a Hill,2008
2019-12-26T04:54:57Z,spotify:track:4w9x2bTDFFuELLLvYlMLdV,Haunted Water,32,286081,False,Mazy Fly,2019-02-22
2019-12-20T21:08:09Z,spotify:track:6rWAvpX61F0nNdD9V6JFLs,Sad One,0,239164,False,Ariadna,2017-09-08
2019-12-20T21:05:38Z,spotify:track:1y1Li1MUfGZjdR8EOSDiUD,B and O Blues,20,258560,False,Dang,2016-09-23
2019-12-20T20:57:16Z,spotify:track:6qfovhuEiazhpsIe4UqirU,The Holy Drinker,37,613814,False,The Raven That Refused to Sing (and Other Stories),2013-02-25
2019-12-02T19:39:04Z,spotify:track:3nWCNcTv1E6ipd1zzC8WJY,Curve and Light,36,259999,False,Crumbling,2019-06-17
2019-12-02T19:17:09Z,spotify:track:1nEDT4DsoaTfexrz8D9zt1,Traffic,5,317986,False,ANIMA,2019-06-27
2019-11-30T22:00:03Z,spotify:track:35iFhbJtSRzL9MjUkQCf52,Oscollo,7,209477,False,Oscollo,2018-04-13
2019-11-30T20:08:12Z,spotify:track:1MSLiTqxZBKWgcHZGPGTDr,Ultraviolet,2,187115,False,EP2,2013-09-17
2019-11-30T18:45:32Z,spotify:track:7pI31mg1XsAPJCB6gQJSxK,PULL UP,13,178906,True,PRINCESS,2016-07-15
2019-11-30T18:16:43Z,spotify:track:0Fxc7REWedvbv2DCRQbtIU,The Man Who Died in His Boat,26,300973,False,The Man Who Died in His Boat,2013-02-04
2019-11-27T05:45:38Z,spotify:track:1BW9bX3Ox6GibuS4OJ3LLw,Nothing Stirs,37,355786,False,"I Have Fought Against It, But I Can’t Any Longer.",2018-05-11
2019-11-27T05:45:01Z,spotify:track:27mFsmEWiSablfQTyZZhgp,DO YOU DOUBT ME TRAITOR,36,574347,True,CALIGULA,2019-07-19
2019-11-21T15:36:59Z,spotify:track:3lHnxCL8XOxmgLVyPPm2K5,Bae,18,315160,False,Live from Japan,2019-09-06
2019-11-19T03:11:44Z,spotify:track:7FuZ8MueDtq6RrTXWOOxo6,No Meio da Noite,22,257449,False,Vida Eterna,2017-09-15
2019-11-17T19:59:26Z,spotify:track:0diPy4X3fZ253nxtUXXitO,Cloud in Places,28,245306,False,The Man Who Died in His Boat,2013-02-04
2019-11-16T22:53:53Z,spotify:track:4z1fNs2B7KndCsvyPgrhq5,Hyperballad,49,321360,False,Post,1995-06-13
2019-11-14T19:54:31Z,spotify:track:56l4CzpusvjLJ1LnFl0KX3,Brakhage,38,330466,False,Dots And Loops,1997-09-22
2019-11-06T20:08:29Z,spotify:track:4tKbLZmdlwuC1v4jk7pild,Kali Wave,0,200500,False,Kuangb EP,2014-08-15
2019-11-02T05:00:35Z,spotify:track:00UDD8mjooNiezsxVRCYWX,Limerence,0,329361,False,Mono No Aware,2017-03-17
2019-10-28T17:05:45Z,spotify:track:0HjRvELQ3lEGr4hrwQV3DA,Dirty Boots - 8 Track Demo,19,397973,False,Goo (Deluxe Edition),1990
2019-10-26T18:48:24Z,spotify:track:6Gqh2iPmHGkGkvBvQNtXfk,Tunic (Song For Karen),35,381613,False,Goo (Deluxe Edition),1990
2019-10-25T18:18:08Z,spotify:track:0fituAIlrZEyqz3HIz03tS,Bounce 2,28,200453,False,Your Need,2019-05-03
2019-10-25T18:18:02Z,spotify:track:2QH60efQnKgqIPw8l3h01Y,Kiska (киска),35,226619,False,Your Need,2019-05-03
2019-10-25T18:17:56Z,spotify:track:5FTOJvfIyG6gVJ8tAZw2JH,LED (лёд),30,172324,False,Your Need,2019-05-03
2019-10-24T00:13:02Z,spotify:track:3S0HGmkb07AAz9TZzNB4nl,I Get Lit (cause if not I think of you),27,195874,False,Evanescence (a Love Letter),2019-02-28
2019-10-09T14:45:00Z,spotify:track:2WuzAwiZzest2eONspeXMA,Just,54,372555,False,Just EP,2015-06-22
2019-10-08T23:01:57Z,spotify:track:6EirJN1dgOLBTfctvef3fZ,I Only Have Eyes For You,0,440227,False,Commissions I,2014-04-28
2019-10-04T15:12:10Z,spotify:track:0Z04fUQyKGls1iV1LLHVER,Galleon Ship,42,254509,False,Ghosteen,2019-10-03
2019-10-03T17:10:36Z,spotify:track:6ayjKIrJVuCLLbLtupBjzC,Poison Root,39,144609,False,Rocket,2017-05-19
2019-10-03T17:00:41Z,spotify:track:0CBT0eSGnfOJdtctUcY4Qx,Witch,36,160173,False,Rocket,2017-05-19
2019-09-29T18:03:02Z,spotify:track:1CRq2M7Tq4dl7Bwif65doB,Sportstar,38,231087,False,Rocket,2017-05-19
2019-09-29T17:58:26Z,spotify:track:0XgwWW3JX3otV35ZiP71i6,Brick,41,132250,False,Rocket,2017-05-19
2019-09-24T22:56:35Z,spotify:track:7Jh1bpe76CNTCgdgAdBw4Z,Heroes - 2017 Remaster,77,371413,False,"""Heroes"" (2017 Remaster)",1977
2019-09-22T01:41:15Z,spotify:track:5qH6n7rZ1XQeeXdrnzke40,Clap Intro,29,84570,False,High Times,2009-09-15
2019-09-22T00:39:24Z,spotify:track:4X6Hvm8W16M0nCENwpLBF6,Paracosm,0,392253,False,Paracosm,2013-08-13
2019-09-20T23:55:50Z,spotify:track:23iveUZzJK3P14Uy5RMxs7,Hype Williams Meets Shangaan Electro,36,310586,False,Shangaan Shake,2012-02-24
2019-09-20T15:13:19Z,spotify:track:4zHphnQaIiwuUGxOOfYZac,Eye in the Wall,3,522418,False,Eye in the Wall,2019-09-13
2019-09-15T19:33:38Z,spotify:track:04AF15mR1fORBBCw4jA9uL,Allison,9,214240,False,The Original Faces,2015-09-04
2019-09-15T16:19:19Z,spotify:track:1pUBvxyXFQLz3GQN04PqbQ,Applaud,32,198128,False,Applaud,2019-09-10
2019-09-15T16:07:21Z,spotify:track:7JMVhsR4cggN4Rvq0NQVOX,Beta Male Strategies,46,198008,True,All My Heroes Are Cornballs,2019-09-13
2019-09-07T03:51:53Z,spotify:track:12OKSgYZc9GG54JWDJ4okD,Demona,11,162882,False,What a Way to See the Old Girl Go,2017-04-21
2019-09-07T03:30:04Z,spotify:track:7cxSWONVoGuaEfmQgzkqsI,Quiet Eyes,8,386658,False,Ambient Not Not Ambient,2008-04-29
2019-09-05T17:23:30Z,spotify:track:0zHW7NzMCCMcWpjuEg6wYK,Marilyn,26,220875,False,Remain,2015-03-24
2019-09-02T15:24:42Z,spotify:track:0jjA6flajgtUChWP691crq,Creepy Love,19,262023,False,Remain,2015-03-24
2019-08-31T07:56:15Z,spotify:track:2IbbPqpU1uchOWCMULOuJD,I Wanna Be Adored,41,327250,False,I Wanna Be Adored (Digital Single),2018-01-17
2019-08-27T23:54:36Z,spotify:track:3dAgOYCIcGR4EL2Cr14DKX,For Kennedy,31,460610,False,Issue #9,2014-02-01
2019-08-27T14:49:47Z,spotify:track:3kbaZC3FZTecvlSR67Sr19,Fingerbib,52,228866,False,Richard D. James Album,1996-11-04
2019-08-19T04:32:13Z,spotify:track:0EKTuuDuN8bAIwqFB1bPYY,FOUR TEETH,46,376533,False,Circumambulation,2013-07-23
2019-08-19T04:13:45Z,spotify:track:6r4Ux7Szu6ncGMjVh0tmCB,The Big Gloom,48,483957,False,Deathconsciousness,2008-01-01
2019-08-16T14:35:03Z,spotify:track:0GNOV2aEFqS3qOXfQEhEuq,Babylon,53,220240,False,Love In The Time Of Lexapro,2018-11-23
2019-08-14T13:33:31Z,spotify:track:2YvyKtXIEpQoLYtuUNp7Lg,Ghosttown,54,309880,False,Unknown Memory,2014-10-23
2019-08-13T19:58:10Z,spotify:track:0lDKZO6dS927plsK7SGmh4,From The Sea/It Looms (Chapters I & II),38,379466,False,Nothing Is Still,2018-06-15
2019-08-10T01:00:19Z,spotify:track:2reVX2dNA3SwxgvjHNXStE,Flash in the Pan,35,447950,False,2012 - 2017,2018-02-17
2019-08-09T00:32:39Z,spotify:track:5jqpm69UgQa1OSNhj8rjn4,Half Manne Half Cocaine,51,192266,False,Bandana,2019-06-28
2019-08-06T22:48:26Z,spotify:track:0vxyvCrd3crTvvfy3ATcWh,Jesus to a Child 2,0,101893,False,"Find Out What Happens When People Stop Being Polite, And Start Gettin' Reel",2010-12-07
2019-08-06T22:36:28Z,spotify:track:6DjD0YrerB11AMEkLm8jAl,Blue Dream,0,163906,False,"Find Out What Happens When People Stop Being Polite, And Start Gettin' Reel",2010-12-07
2019-08-05T19:53:45Z,spotify:track:1VsQhQbF4SwVvbbFeQ5EOa,Suspended In Gaffa,50,235106,False,The Dreaming,1982
2019-08-04T15:53:02Z,spotify:track:0Qi34BBn3NDAKIIPIWgYIK,Forgotten,25,347067,False,Too Many Voices,2016-04-22
2019-08-04T15:43:08Z,spotify:track:1aaIYTqoRDzRUilU2Q6vTe,Archangel,47,238426,False,Untrue,2007
2019-08-03T22:46:33Z,spotify:track:17WchqLMuropLZuV1fKAaI,Taken Boy,0,221578,False,Taken Boy,2019-02-27
2019-08-03T01:04:17Z,spotify:track:0LeG6rLnZikAoLQMhSNSBW,The Chuckler,36,223006,False,Relatives In Descent,2017-09-29
2019-08-02T13:20:18Z,spotify:track:2oTEDeeMdSTBiqjQhFF7K9,Velvet 4 Sale,2,224234,False,In a Poem Unlimited,2018-02-16
2019-08-01T13:05:08Z,spotify:track:1gvaxqNiJEbQzWPqs72kgG,In Undertow,53,197186,False,Antisocialites,2017-09-08
2019-07-29T20:53:58Z,spotify:track:2RCIGieLAcsic5iUOinSRf,Sides,2,292276,False,No Shape,2017-05-05
2019-07-26T21:11:09Z,spotify:track:4XGQUYPYfHpCMrO8BKOk5F,New Romantic,46,339460,False,Too Many Voices,2016-04-22
2019-07-26T21:08:48Z,spotify:track:411zFepQWcA2sf5gzA8WpU,So Far so Clean,11,232756,False,"Don't Look Back, That's Not Where You're Going",2013-03-04
2019-07-26T12:51:03Z,spotify:track:45Qd0hxV9IeDfn9TE63g2Q,Mote,35,455693,False,Goo,1990-01-01
2019-07-25T01:25:36Z,spotify:track:2NtGIXleTQVNZouLU2Icyj,We’ll Take It,24,225131,False,Age Of,2018-06-01
2019-07-24T20:06:28Z,spotify:track:5xgMuXY71hCb7VLTqTY6nx,Stratum,35,431502,False,Stratum,2019-02-13
2019-07-24T03:03:24Z,spotify:track:2ZEZotsZzfQxNar1U9ocs0,Daniel,25,232986,False,In Heaven,2011-09-27
2019-07-23T12:40:03Z,spotify:track:4Kh8w1MgC7LYHSbSX2lDzP,Make It Forever,52,211547,False,Slide,2018-08-17
2019-07-22T13:06:20Z,spotify:track:7A1d0qBQL2IiDhrDrhUqE8,日出東方 唯我不敗,39,311541,False,東方不敗,2017-05-19
2019-07-21T16:43:19Z,spotify:track:1gL6vASU58jj8CzGluleyV,The Throning,0,245453,False,"Find Out What Happens When People Stop Being Polite, And Start Gettin' Reel",2010-12-07
2019-07-19T12:46:38Z,spotify:track:6XyxCBp6x3jvtxXvMN5sAA,1539 N. Calvert,64,157258,True,Veteran,2018-01-19
2019-07-19T12:44:04Z,spotify:track:79nEEoEPY2w8EXj9hjn5oc,Ginseng Strip 2002,63,153999,False,Lavender,2013-08-16
2019-07-17T20:50:47Z,spotify:track:3ghtOcSMima0cduZihPKY4,Recognizing The Enemy,35,289160,False,Safe In The Hands of Love,2018-09-05
2019-07-17T03:15:14Z,spotify:track:1jbTkokghgp3KktZf7Rev5,Euros & Euros & Euros (Ebg),15,286685,False,"Nordic Flora Series, Pt. 3: Gore-Tex City",2017-03-27
2019-07-17T02:55:21Z,spotify:track:74cnIm1sznUzUsPkDF77WH,Blue Line (112 Rådhuset),17,243692,False,"Nordic Flora Series, Pt. 3: Gore-Tex City",2017-03-27
2019-07-16T20:58:56Z,spotify:track:56Z7hbyMrndw1naxb6I5Oi,Reckoner,21,290213,False,In Rainbows,2007-12-28
2019-07-16T20:47:55Z,spotify:track:4Iyo50UoYhuuYORMLrGDci,Weird Fishes/ Arpeggi,25,318186,False,In Rainbows,2007-12-28
2019-07-16T20:46:11Z,spotify:track:5k7VKj1Xwy5DjO4B0PdAOb,Nude,25,255386,False,In Rainbows,2007-12-28
2019-07-15T12:25:15Z,spotify:track:2S3t9PZ4QBbXwcO3fLSa3b,You Only Hate the Ones You Love,17,306468,False,Body Work,2016-09-22
2019-07-15T12:20:49Z,spotify:track:7fJvzPTCdgETo0dk8Vv5uv,Real Virtual Unison - Fake Edit,17,192782,False,Body Work,2016-09-22
2019-07-14T10:40:37Z,spotify:track:3FlYQ4cpdpT1JObsSy0zy3,LA Hills Burn At The Peak Of Winter,40,448034,False,The World,2013-03-15
2019-07-13T01:03:38Z,spotify:track:7MLcfXah7WhwNAm84de8de,Разрушительный круг (Destructive Cycle),40,328327,False,January Sun,2016-02-19
2019-07-13T00:48:46Z,spotify:track:6FcBIsV0IKyhXpVy9BmYxl,Lust Riders,0,318709,False,The Love Market,2019-04-07
2019-07-13T00:45:19Z,spotify:track:10zYtRsZfKFbDHfPy0Mgb9,Eat Yr Heart,13,217013,False,"Work (Work, Work)",2011-09-06
2019-07-12T16:03:38Z,spotify:track:1QAC3pYva33vh3vwyDR7w6,Be Brave,32,417853,False,The End of All Things,2011
2019-07-11T22:36:56Z,spotify:track:5ZFBhUZdo6dt4OjzN87LS0,I Be in Da Cold,0,176121,False,Spirit Plug,2016-07-01
2019-07-11T22:28:49Z,spotify:track:5Oo9K6yaxdTIJoAlmRs6TU,Living in a French Movie,32,264374,False,No Hard Feelings,2016-09-06
2019-07-11T22:22:18Z,spotify:track:68otTYLIY2MTdT2bdBS5ug,Hello Earth,42,373093,False,Hounds Of Love,1985
2019-07-11T22:19:21Z,spotify:track:79k4PkE9Hllo7OqZm5Q01R,God Hour,35,155779,False,"""BBF"" Hosted By DJ Escrow",2016-04-01
2019-07-11T12:28:05Z,spotify:track:5hWTPO9dqbAvDquj3oNCcy,2Tru,28,231781,False,CCFX EP,2017-10-20
2019-07-10T11:54:33Z,spotify:track:29tHcHSX3PWEcdp1zBha6B,A Realness,35,261766,False,Yr Body Is Nothing,2016
2019-07-09T21:20:34Z,spotify:track:6z1TKEurXotxsMGB0Kuuka,Lifetime,39,222684,False,Safe In The Hands of Love,2018-09-05
2019-07-09T12:32:07Z,spotify:track:27uEhYVTC354AtKBtfHeEm,Lugovoy (November Dub),27,205741,False,Your Need,2019-05-03
2019-07-09T12:16:35Z,spotify:track:6p8HOoJGQs8qvFAOXfXmxn,Sky Kisses (на танцполе),49,192000,False,Your Need,2019-05-03
2019-07-08T20:17:43Z,spotify:track:7Afi5x40syatz7gshDVaHt,The One Left,24,270720,False,Permissions Of Love,2012-05-28
2019-07-08T12:27:51Z,spotify:track:4DM3WRu8kzfp5evHQnQfD0,The Porter,39,225860,False,From Now On,2013-04-09
2019-07-05T21:07:31Z,spotify:track:457Z6L5kHf8yytQUu8bgxA,Yr Body Is Nothing,43,312947,False,Yr Body Is Nothing,2016
2019-07-05T20:59:12Z,spotify:track:27SIyhcBaxRrgG3TmIFYG8,The Mother Lode,7,366970,False,Tomorrow's Modern Boxes,2014
2019-07-05T17:37:12Z,spotify:track:7jlsHi44y1BX7jmJOOMlH5,Ariadna (ариадна),43,330411,False,Ariadna,2017-09-08
2019-07-05T13:14:42Z,spotify:track:4aOAzvRdOsZSwZIgwcdeL0,Let Down,19,299560,False,OK Computer,1997-05-28
2019-06-30T01:13:54Z,spotify:track:4vReegUzNPc2t06jJKgieU,Nothing To Be Done,49,232133,True,Truckload Of Trouble,1993-05-19
2019-06-30T00:22:41Z,spotify:track:5Tou8lYopj9qCIFBFBomZ5,Yoshi City,57,225080,False,Unknown Memory,2014-10-23
2019-06-30T00:16:06Z,spotify:track:2djY65hifu2a4R2WqcXqKL,Kyoto,62,270000,False,Kyoto,2013-12-10
2019-06-30T00:10:05Z,spotify:track:5mZLb0zrBBpyqhQKJ6c8Ov,Running Up That Hill,0,366997,False,Night Drive,2007-08-28
2019-06-26T19:09:16Z,spotify:track:4LAmOLDuUtlm1mlBcw5Ltb,Sedon Wind/Zombie Skin,13,258226,False,Way Their Crept,2005
2019-06-26T10:40:28Z,spotify:track:5OsmHpSZ2CrUm2qWx6VHCy,Face the Fire,45,333949,False,Careful,2019-02-01
2019-06-24T18:43:05Z,spotify:track:4VG5jWn1LdOt1R6KmmBsYJ,Fireworks,48,410906,False,Strawberry Jam,2007-09-09
2019-06-21T20:00:10Z,spotify:track:4bAKDSZrZhnyVu3IcjAYLF,I Luv the Valley OH!,0,179133,False,Fabulous Muscles,2004
2019-06-20T20:17:36Z,spotify:track:298gI1AaJlmQqCXKLcEG1I,Eudaemonia,0,261674,False,Remain,2015-03-24
2019-06-20T20:10:58Z,spotify:track:1qig7uNkAJ5SJ4ppIR9FVX,Big Bad John,28,289533,False,Yr Body Is Nothing,2016
2019-06-19T12:31:16Z,spotify:track:3k4RXZBTgaUKm192vVurWn,Atoms,36,290000,True,Rose,2015-06-22
2019-06-18T22:31:53Z,spotify:track:4SExof7SNMmYgTmgE8TBrE,Fruit,55,341000,False,Rose,2015-06-22
2019-06-18T22:25:13Z,spotify:track:0qeGCfzkQfpt2JlHqxamOG,Roses,50,217565,False,Rose,2015-06-22
2019-06-18T12:21:07Z,spotify:track:3bRLsxSj44GPyK9EjLAoFu,Us Now,0,321095,False,Remain,2015-03-24
2019-06-14T23:52:56Z,spotify:track:0Fao855T3klV3REFRFHRF3,Blackstar,52,597933,False,Blackstar,2016-01-08
2019-06-14T12:40:58Z,spotify:track:4Gdw4OhO1CpUwuoh4MfTW4,Cold Souls,0,325819,False,The Demonstration,2017-01-20
2019-06-10T21:07:45Z,spotify:track:7KTbdZRAZ3q3wYGz5mD4tR,Loving Is Easy,35,343529,False,I'll Try Living Like This,2015-05-15
2019-05-28T18:10:38Z,spotify:track:7BmWDAlFk1DCL60I435oaE,Never Fight A Man With A Perm,50,228831,True,Joy as an Act of Resistance.,2018-08-31
2019-05-22T07:16:02Z,spotify:track:4PdSxqz7mP8RzEPUcV66YY,Girls Just Wanna Have Fun,0,227369,False,Girls Just Wanna Have Fun,2015-11-06
2019-05-22T07:11:23Z,spotify:track:5NVjpOZpdYjvtP3IoYs7Nw,Giving It to You,19,184360,False,Wide,2006
2019-05-19T22:13:25Z,spotify:track:4Qin75TGFDo8WNlLLJytoY,Grey Water,0,339597,False,Amends,2018-06-29
2019-05-15T20:19:26Z,spotify:track:3IaHattiUqtnOoHwhw1Vpx,Take Me Out,0,288373,False,Red House Painters I,1993-05-24
2019-05-14T20:01:57Z,spotify:track:1PfH3wy2Znu9m69mWZR7ku,Gold Purple Orange,27,300391,True,Everything's Fine,2018-03-30
2019-05-14T02:54:36Z,spotify:track:0H47ziCa79XAjBKMwIS2V6,Babylon,32,248000,False,Mentiras,2015-06-09
2019-05-07T19:48:29Z,spotify:track:2dFUtZtpWydAU4QMmUOK47,恢复,51,351200,False,新しい日の誕生,2015-01-21
2019-05-06T18:13:00Z,spotify:track:6IUwiHsyKAZtfBy37Wu4ij,Heavy Water/I'd Rather Be Sleeping,54,173026,False,Dragging a Dead Deer Up a Hill,2008
2019-05-02T19:56:00Z,spotify:track:2ZsbtrFluQsuzsJMApF6yw,I Never Dream,43,405992,False,2012 - 2017,2018-02-17
2019-04-30T16:56:40Z,spotify:track:3kY0UrW29gqCYmcI1dZLu6,Moon Age,47,66266,False,Stratosphere,1998-02-24
2019-04-30T16:40:34Z,spotify:track:6I5yDqLQp67tTqZLVRYizS,Guggenheim Wax Museum,34,314191,False,The Unnatural World,2014-02-04
2019-04-30T16:31:52Z,spotify:track:1vpp843BMb9ZHdhlln8WUt,Woods,38,184000,False,It's Immaterial,2016-10-14
2019-04-23T15:13:45Z,spotify:track:7ivyNJ8hOXrhD2dp9ovK7q,Infin Path,27,316000,False,Bad Baby,2018-01-05
2019-04-22T17:19:53Z,spotify:track:27uyq0fEgkUnffxd5sNgeE,You Lost Me There,43,363260,False,Slide,2018-08-17
2019-04-22T17:17:24Z,spotify:track:5e7Q7yYcc5uPtLP43Fj3aE,Monster,36,227677,False,Slide,2018-08-17
2019-04-18T14:41:44Z,spotify:track:7f8L6Afq98mhss0QxKY81F,Cheek Bones,16,285500,True,"NYC, Hell 3:00AM",2013-10-15
2019-04-17T18:41:12Z,spotify:track:2bebJ0mgBogwdmBLXVFciu,Rollercoaster,21,206261,False,Body Work,2016-09-22
2019-04-16T16:26:50Z,spotify:track:4SzmBRbDVmi0z4Lnc6H1Za,This Old House Is All I Have,55,218959,False,2012 - 2017,2018-02-17
2019-04-16T16:11:49Z,spotify:track:091IhPHFMOd8hdHcvHaOYP,That Battle Is Over,27,275967,False,"Apocalypse, girl",2015-06-09
2019-04-16T16:07:21Z,spotify:track:0RLzuvzrkqCK1vU6MsMoHe,Everyday Is an Emergency,18,465254,False,Aviary,2018-10-26
2019-04-16T00:02:49Z,spotify:track:06KfJvxTq7GFzGIr0tRwPE,Bleed,39,305875,False,100% Electronica,2015-09-24
2019-04-15T23:37:18Z,spotify:track:3tmQWvFXANFgOd6jJgdIVQ,Telephony,43,276000,False,Deathconsciousness,2008-01-01
2019-04-15T17:17:30Z,spotify:track:4XpOgkkAnA0GHmsk9ZxcDX,You Are Going to Love Me and Scream,36,335207,False,2012 - 2017,2018-02-17
2019-04-15T16:59:25Z,spotify:track:7kBoYDqxYcmOjnJxA2qYKt,Echo's Answer,36,191893,False,Echo's Answer,1999-10-01
2019-04-11T20:03:09Z,spotify:track:2pRew1oUayKVoIBMBdfoce,ARP3,0,560810,False,Shadows,2011-11-21
2019-04-11T19:54:36Z,spotify:track:5JpfGKhIFJqGYdTf8wlr8q,TOBIUME,47,278693,False,Sakura,1999-07-21
2019-04-11T19:48:58Z,spotify:track:3an5DoMqoNpJEQwfA48A4c,Lizard Point - Remastered 2004,37,274306,False,Ambient 4: On Land,1982-03-01
2019-04-10T17:50:46Z,spotify:track:7yfTtYebZru7QhwYy97IHL,Clusters,38,269423,False,The Garden,2017-10-06
2019-04-10T01:10:46Z,spotify:track:3iD9FILpQks8iHrNNoRKxz,2,0,133823,False,Black Is Beautiful,2012
2019-04-09T16:25:04Z,spotify:track:3iWPPa7VeHhc49984gLxg2,The Endless Plain Of Fortune,30,252666,False,Paris 1919,1973-02-25
2019-04-04T19:45:39Z,spotify:track:3rUp2KF3as0V3EQfXUDmHI,Feels Like Heaven,41,196106,False,Dedicated To Bobby Jameson,2017-09-15
2019-04-03T17:10:57Z,spotify:track:5LxEbpMQGzlYkdCkBNIwSF,Only Once Away My Son,20,550204,False,The Weight Of History / Only Once Away My Son,2018-10-11
2019-04-01T17:07:33Z,spotify:track:2IC4rIvnBnZBUR2X4sUqmc,ATM,15,278561,False,ATM,2019-03-04
2019-03-31T06:29:10Z,spotify:track:47NVX7beXGwmW1yszqZn7D,Merry Christmas Mr. Lawrence,37,272600,False,Merry Christmas Mr. Lawrence (Original Motion Picture Soundtrack),1983
2019-03-31T06:27:22Z,spotify:track:4JOEMgLkrHp8K1XNmyNffH,Miroirs: III. Une barque sur l'océan,62,428152,False,"Ravel: Miroirs, Jeux D'Eau, Pavane Pour Une Infante Défunte",1994
2019-03-31T06:01:49Z,spotify:track:7gOFPQhlvmoiPTyH3gBIfA,You Weren't There Anymore,43,296000,False,Bad Baby,2018-01-05
2019-03-27T16:26:56Z,spotify:track:6kJYHNlytKIwClXLDuRjPG,From the Air,35,273373,False,Big Science,1982
2019-03-25T05:08:55Z,spotify:track:5X9c0LL84kJN8Ok2UC6B6w,Dirty Boots,48,328560,False,Goo,1990-01-01
2019-03-25T05:08:07Z,spotify:track:5Ext9ObPEi7wIcv5AiQWJy,Superstar,61,246000,False,If I Were A Carpenter,1994-01-01
2019-03-20T22:19:36Z,spotify:track:2UItUz2sgBAqkv5OzCgxtg,You Weren't There Anymore,0,296000,False,You Weren't There Anymore,2017-09-29
2019-03-13T17:52:04Z,spotify:track:6r5nsl6LNw0uTygZhWR71b,Standing Crosswise in the Square,0,369626,False,Standing Crosswise in the Square,2019-02-27
2019-03-13T17:37:41Z,spotify:track:2lL198nNR3ReXbFDMY9Rj3,Every Wave To Ever Rise (feat. Elizabeth Powell),0,354157,False,Every Wave To Ever Rise (feat. Elizabeth Powell),2019-02-28
2019-03-13T17:35:59Z,spotify:track:0wDY1kLqxEShKGxOs378Fu,Only Human - Radio Edit,37,201267,False,Only Human,2019-03-01
2019-03-12T20:26:51Z,spotify:track:2ndt0DxknQudoefVTArI34,Bad Baby,0,224940,False,Bad Baby,2017-11-17
2019-03-06T01:49:39Z,spotify:track:5iqrS810VqTopv50q0zn23,City Song,38,355737,False,You Won't Get What You Want,2018-10-26
2019-03-06T01:27:33Z,spotify:track:4GDQIeH1UU1nRdki0METND,Jesus Alone,39,352253,False,Skeleton Tree,2016-09-09
2019-02-28T20:30:00Z,spotify:track:02NjS2MNrjsdxiQNfrl7zz,Kool Thing,37,246400,False,Goo (Deluxe Edition),1990
2019-02-25T20:54:33Z,spotify:track:6tQylFvlUbr5ikJ8qqX6wU,Good House,0,425446,False,Sleep Cycle,2016-04-08
2019-02-25T20:29:13Z,spotify:track:2tHbjRGyOiLdgRX8RXDlvE,Golden Chords,0,389133,False,Sleep Cycle,2016-04-08
2019-02-19T16:32:29Z,spotify:track:4gh7wdY0W3DTBIgAZYmtfE,Rollercoaster,0,206229,False,Body Work,2016-09-23
2019-02-17T20:57:56Z,spotify:track:5yoPiFQTeJZ7LYaKDpoeWA,You Lost Me There,0,363260,False,Slide,2018-08-17
2019-02-17T20:02:43Z,spotify:track:3Mpz2SS5ExT3pQQcX65Eap,Why Sad Song,17,367384,False,Aviary,2018-10-26
2019-02-17T19:33:20Z,spotify:track:0CGjIONYzCZ4znIhW38mTL,In Gardens' Muteness,18,396907,False,Aviary,2018-10-26
2019-02-14T01:47:26Z,spotify:track:2doQ4LEtEDbL3cIPEeHP1E,High to Death,7,459347,False,Twin Fantasy,2018-02-16
2019-02-13T18:04:51Z,spotify:track:6MjiSBqVWiJCki6aUWV7h7,Texas Reznikoff,54,132000,False,Bury Me At Makeout Creek,2014-11-11
2019-02-13T18:04:51Z,spotify:track:1Ac5BDsGUMQ3tsW2vnc52x,First Love / Late Spring,69,278640,False,Bury Me At Makeout Creek,2014-11-11
2019-02-13T18:04:51Z,spotify:track:6gpSU2C1VJq0xaVIGtQPVi,Francis Forever,71,149680,False,Bury Me At Makeout Creek,2014-11-11
2019-02-13T18:04:51Z,spotify:track:42lQlyLSQR3qLTu4FOMqHY,I Don't Smoke,58,198533,False,Bury Me At Makeout Creek,2014-11-11
2019-02-13T18:04:51Z,spotify:track:1XXA4Lok0sIaeHdCPkkCxD,Jobless Monday,53,126746,False,Bury Me At Makeout Creek,2014-11-11
2019-02-13T18:04:51Z,spotify:track:0eYmkWPJqioxUgSh9pVzS5,I Will,58,174760,False,Bury Me At Makeout Creek,2014-11-11
2019-02-13T18:04:51Z,spotify:track:0zXDEhxZ02tdfIyAYAf4QL,Carry Me Out,58,233493,False,Bury Me At Makeout Creek,2014-11-11
2019-02-13T18:04:51Z,spotify:track:0zCm4JTVBuIWSSL8rMUChT,Last Words of a Shooting Star,66,164226,False,Bury Me At Makeout Creek,2014-11-11
2019-02-07T16:22:53Z,spotify:track:75FEaRjZTKLhTrFGsfMUXR,Running Up That Hill (A Deal With God),68,298933,False,Hounds Of Love,1985
2019-02-06T17:38:42Z,spotify:track:2HUIm4ZmwC5aIEQQakmgO4,Townie,61,205080,False,Bury Me At Makeout Creek,2014-11-11
2019-02-05T21:24:31Z,spotify:track:44bY2rUqfNxV4d1mtQWgsi,Retreat,17,155306,False,Twisted Crystal,2018-09-14
2019-02-05T21:06:37Z,spotify:track:2iRy66b9oGfv2hg48EeaTt,My Queen Is Ada Eastman,39,399733,True,Your Queen Is A Reptile,2018-03-30
2019-02-05T20:49:42Z,spotify:track:0up8VGMWmrLxGISIL60shv,Rubber Bullies,0,360744,False,A Laughing Death in Meatspace,2018-05-04
2019-02-05T17:02:51Z,spotify:track:7wA6K5a70ApY3Ypgqg4Gbz,Dagenham Dream,44,165395,False,Negro Swan,2018-08-24
2019-01-30T17:56:14Z,spotify:track:5QG0nPRTSGoEWz6W7Nygyw,Come Up with Me,19,199066,False,Twisted Crystal,2018-09-14
2019-01-30T17:51:36Z,spotify:track:0xDW7MwJ7ltAv8t5ujGuXl,New Vectors,0,212229,False,Clear Tamei,2018-08-08
2019-01-30T17:45:20Z,spotify:track:7HmEH46Z57kyKbVO8JvlQQ,Little Richard,34,145381,False,Year Of The Snitch,2018-06-22
2019-01-30T17:31:06Z,spotify:track:28uZjhU60BosFYSMJLJoQ3,My Queen Is Albertina Sisulu,42,314693,False,Your Queen Is A Reptile,2018-03-30
2019-01-29T20:33:22Z,spotify:track:0KZatVtbBlDS9GI4B9JbPQ,Make Believe,38,207707,False,Time 'n' Place,2018-10-01
2019-01-29T20:16:38Z,spotify:track:5S3F5GL8LASIjPg2PMiU1Q,Emerald Rush,54,336706,False,Singularity,2018-05-04
2019-01-29T19:36:47Z,spotify:track:3B2QACCTAYuP5LHv9czbtR,Blame Fire,27,247395,False,Blame Fire,2018-07-30
2019-01-29T19:00:04Z,spotify:track:6kvh6WDoLnZYMmmaBzuY77,Make It Forever,0,211547,False,Slide,2018-08-17
2018-12-07T00:50:27Z,spotify:track:68RpxuJJrDab7wLUIaEwh1,Girl on the Internet,16,302627,False,Classroom Sexxtape,2016-05-13
2018-11-28T21:03:41Z,spotify:track:2OYa0IT5tMhJMZRfNwgvMw,Pretty Bones,0,272625,False,Pretty Bones,2018-11-06
2018-11-28T20:57:57Z,spotify:track:5W93ybHqt6fYr88Ru1z4C2,A True Home,3,223248,False,Beloved,2018-11-09
2018-11-27T22:42:01Z,spotify:track:2Qhkk4hPdkt3NIVtiT8QEe,Headless Horseman,48,188640,False,"The Glow, Pt. 2",2001-09-11
2018-11-22T04:04:24Z,spotify:track:4JB2hhzlbuHwntOADdIW10,Voice in Headphones,38,147920,False,Lost Wisdom,2008
2018-11-22T03:42:47Z,spotify:track:6lBRrfA98lWJmadowW0ZTt,We Shouldn't Have To Wait,27,276180,False,The Garden,2017-10-06
2018-11-17T00:32:29Z,spotify:track:0fc52BWq0UHMTG9BVTuIaR,A_X,45,183431,False,Soul On Fire,2018-10-05
2018-11-16T16:16:06Z,spotify:track:3fw7hTlUNPuxw2HY9IAWoo,Satan in the Wait,41,426463,False,You Won't Get What You Want,2018-10-26
2018-11-15T02:35:50Z,spotify:track:3SBpB6BomyoXdY1ZKauiyo,If You Really Love Nothing (Reimagined by Pêtr Aleksänder),1,267173,False,If You Really Love Nothing (Reimagined by Pêtr Aleksänder),2018-10-25
2018-11-14T18:08:56Z,spotify:track:16KyaozBg8WxDTmawnSuCm,Love In The Time Of Lexapro,39,246129,False,Love In The Time Of Lexapro,2018-10-25
2018-11-14T18:00:08Z,spotify:track:0J4t4KRpw7o5jkGmw9iDvr,In Parallel,19,380805,False,Ultraviolet,2018-11-02
2018-11-14T17:55:19Z,spotify:track:2jyVpnuSUUnQg35jE0sNw5,Face the Fire,24,333949,False,Face the Fire,2018-10-30
2018-11-14T17:25:19Z,spotify:track:3QFfk9pSjbicM6UBYQBxN2,No Snare,0,197200,False,No Snare,2018-11-09
2018-11-13T16:41:34Z,spotify:track:2DGUFWubo1OufKArkFwLIm,The Shape You're In,34,396656,False,The Shape You're In,2017-06-06
2018-11-13T16:18:27Z,spotify:track:7tgSuQZIcBSv8H0fYEZ7K4,Love's Refrain,39,457705,False,In Summer,2016-07-29
2018-11-09T21:39:03Z,spotify:track:1WyFWVekqqcboBuFAaBREz,Less Sex,38,287511,False,You Won't Get What You Want,2018-10-26
2018-11-05T18:04:14Z,spotify:track:1yfWsdSGjKydKEpFCvzHMD,Honesty,35,301384,False,Safe In The Hands of Love,2018-09-05
2018-11-03T03:26:26Z,spotify:track:5pJklRm4p7TpUDACojnZEe,Voce Simul,21,394807,False,Aviary,2018-10-26
2018-11-02T23:22:40Z,spotify:track:3pihS07XVQEavaS9n7kObt,Licking An Orchid,57,278311,False,Safe In The Hands of Love,2018-09-05
2018-10-26T18:09:34Z,spotify:track:6xKXkSSJqv6ttwL8bj3Dm2,Time Today,45,131594,False,Time 'n' Place,2018-10-01
2018-10-23T14:19:18Z,spotify:track:4wRsiCdYdbGgad8V7zEF5Q,First Rain,39,448349,False,2 Sim,2018-09-21
2018-10-20T21:52:24Z,spotify:track:4cyjLMvPunnFEXB0Gvz5py,Heard a Song,41,199082,False,Bonito Generation,2016-10-21
2018-10-15T13:06:18Z,spotify:track:1HTR2cbs7Nor722yzYQi63,I Felt Your Shape,49,114626,False,"The Glow, Pt. 2",2001-09-11
2018-10-05T13:45:04Z,spotify:track:0EjtZmOLT6WLShJRHCFWVU,Tapestry from an Asteroid,45,127398,False,We Travel the Spaceways,2014-04-28
2018-10-04T14:23:59Z,spotify:track:3KqXYmnoxw71QlPs9uPdKv,Cruel Summer,0,224180,False,A Different Arrangement,2012-10-09
2018-09-26T23:51:26Z,spotify:track:3rVCzb2u0odnilEoEMG3A4,Godsend,36,568093,False,You Turn Me On,1992-02-10
2018-09-26T18:38:20Z,spotify:track:19wyEOwk4PTvfhBxSoZ34a,Go Away,43,189413,False,Strawberry Switchblade,1985-01-01
2018-09-23T00:56:26Z,spotify:track:26z1HDhXLVaPoUxMTn20eI,"Zion Hört Die Wächter Singen (From ""Cantata Wachet Auf, Ruft Uns Die Stimme"", Bwv 140)",36,310369,False,Call Me by Your Name (Original Motion Picture Soundtrack),2017-11-03
2018-09-21T13:33:18Z,spotify:track:3DN3nPW5VDyGa48ELeXPU0,Halloween,33,311200,False,Bad Moon Rising,1985-04-09
2018-09-21T13:27:59Z,spotify:track:6px1KhTqAfxdcF6A1JGSpx,Bull In The Heather,50,184866,False,"Experimental Jet Set, Trash And No Star",1994-01-01
2018-09-21T12:52:43Z,spotify:track:0lDoG5fQ9cmpvpenwR7Jln,Incinerate,56,295813,False,Rather Ripped,2006-01-01
2018-09-19T22:11:31Z,spotify:track:18qpp0lpRT9j0CuPytwngO,Pain - Remastered,37,437902,False,Lesser Man (Extended Version),2018-04-27
2018-09-18T01:37:05Z,spotify:track:3cB9lIAcucGiuRlKolGd4m,Jig Of Life,44,244306,False,Hounds Of Love,1985
2018-08-30T22:39:06Z,spotify:track:5atQ2haKP5LT65WM0KUts3,Cloudbusting,61,310160,False,Hounds Of Love,1985
2018-08-08T01:53:11Z,spotify:track:5lT8Yr0ymqGjnLHX5mfL54,St. Apolonia,0,133253,False,Will,2016-06-17
2018-08-08T00:52:15Z,spotify:track:4dh0jYD7NLH2bWrxfOkfyG,The Problem with Redheads,0,392462,False,Remain,2015-03-24
2018-07-30T19:38:01Z,spotify:track:3WTz4svCL6ouAD7E9AEWXL,Red Line II (127 Sätra C),0,500291,False,Nordic Flora Series Pt.3: Gore-Tex City,2017-03-27
2018-07-30T18:35:58Z,spotify:track:5ag4QLmHLJkOoZ4He4XMdS,Sintra,16,174500,False,Psalms,2016-10-14
2018-07-30T18:16:43Z,spotify:track:6tjzp1mCVaTeK5ZFAye3Ou,Pop 4,40,591093,False,Pop,2000
2018-07-18T19:51:12Z,spotify:track:282VgBXcFt4JPkkxT7c2cF,Nothing To Be Done,0,232133,False,Truckload Of Trouble,1993-05-19
2018-07-18T19:48:58Z,spotify:track:70zTmT0vys244XiHDMjB8Q,Last Chance for a Slow Dance,25,277493,False,In On the Kill Taker,1993
2018-07-17T18:45:54Z,spotify:track:0sujwD2rDemdq6lBUvlB6j,To Die in L.A.,44,251440,False,Escape From Evil,2015-03-30
2018-07-17T17:49:41Z,spotify:track:4GZ0mDOTfdYEFqhddeguic,Island Song,38,251665,False,U.S. GIRLS on KRAAK,2011-10-26
2018-07-16T19:38:59Z,spotify:track:4b5XMDNfv6DXzJiN2uxJOk,Emptiness Will Eat the Witch,30,529459,False,The Unnatural World,2014-02-04
2018-07-13T20:16:03Z,spotify:track:7eyzZkMVECWpWa9X0iHj4I,Cropsey,31,430976,False,The Unnatural World,2014-02-04
2018-07-13T15:05:10Z,spotify:track:3B0vMz20sN9UUwAwcP2QGQ,Allison,32,159223,False,Collection,2017-08-04
2018-07-12T14:38:24Z,spotify:track:2I3dW2dCBZAJGj5X21E53k,Kids See Ghosts,62,245098,True,KIDS SEE GHOSTS,2018-06-08
2018-07-08T16:22:20Z,spotify:track:3eqluXIw6SY8zUXnwpAcDR,Rausch 1,23,474000,False,Rausch,2018-05-18
2018-06-27T18:45:20Z,spotify:track:6gbxx8yMTQ9AuH3UvQEygt,Cat's Cradle (Iris),0,289217,False,Slowdown,2018-02-16
2018-06-11T16:04:04Z,spotify:track:5x84WhlTVNjSRY6PRbJMqL,End,29,298493,False,Black Mirror: Hang the DJ (Music from the Original TV Series),2017-12-30
2018-05-21T18:28:39Z,spotify:track:5rFTwVCVkayC7kLQVj4hZS,Another No Answer,36,312653,False,Ku Klux Glam,2012-02-23
2018-05-09T18:30:42Z,spotify:track:5nZNqEqfQgrS6eNXplM3Y8,The Space Between,25,1314486,False,Hearing Music,2016-05-06
2018-04-16T18:23:57Z,spotify:track:48b5MLAuChqUwBwRrhEap4,Wawa by the Ocean,40,628736,False,Collected Pieces,2017-04-14
2018-04-16T17:06:31Z,spotify:track:6Ae16Vpun53ag48XIDGwji,Blissing Me,0,305703,False,Utopia,2017-11-24
2018-04-11T18:53:13Z,spotify:track:3ZNoKpRGsNc2xK7yPbg5aI,Promise You'll Haunt Me,37,393717,False,L'étreinte Imaginaire,2015-08-14
2018-04-03T18:30:12Z,spotify:track:4vnbNZLS7FoxgnTBFDR0iX,Take Your Movement Away,0,139812,False,Escape From Berlin,2017-06-09
2018-04-02T18:09:47Z,spotify:track:0QEG44uAakKJmR6ItRpazZ,Blue Moon,0,249142,False,Windswept,2017-05-10
2018-04-02T17:49:49Z,spotify:track:00kQHsSd7eq0dOQcm4CDOk,Heaven,0,123973,False,Windswept,2017-05-10
2018-04-02T17:43:01Z,spotify:track:09ICU4uaLEqzNWfcKiz4lH,The Crimson Kiss,0,174672,False,Windswept,2017-05-10
2018-04-02T14:58:32Z,spotify:track:5nDSXoFIMgxmZYvISu7COt,Saturday,0,200317,False,Windswept,2017-05-10
2018-03-19T19:52:18Z,spotify:track:4a925uZhSr6NAeD7RvgLhH,Brujas,10,178916,True,1992 Deluxe,2017-09-08
2018-03-19T19:43:30Z,spotify:track:38muIwhgekWxX1qgCQyVPU,Plays John Cassavetes 2,0,597426,False,Plays,2002
2018-03-19T19:20:34Z,spotify:track:10Ogpjhj973yrlzSTNbpnL,決別,14,453760,False,PINK (Deluxe Edition),2015-07-06
2018-03-19T19:10:13Z,spotify:track:6LlOMeesxjTECCdaBiEz2i,Idea of Order at Kyson Point,35,210785,False,Finding Shore,2017-12-08
2018-03-16T20:32:08Z,spotify:track:3MMS3fabXEC2X9Be2IvPTc,Our Secret,10,167119,False,Look Around,2015-09-22
2018-03-16T15:11:12Z,spotify:track:15TLj9R5TAGOe7irywOwKL,Memory,44,215318,False,Iteration,2017-06-16
2018-03-16T14:58:29Z,spotify:track:0COklqctEuaKBwHRNFlWqy,Korean Food,32,119407,False,Fit Me In,2015-11-13
2018-03-16T14:52:44Z,spotify:track:0Cf8Juik1Rp1J7iFqxTUGK,Goodbye,45,166794,False,The House,2018-01-19
2018-03-14T16:57:15Z,spotify:track:3CwK0oEtu9bCl0R5nuMzjx,Cyanide Sisters,52,183609,False,Cyanide Sisters EP,2011-01-25
2018-03-07T20:09:20Z,spotify:track:17oLsEzzlGFlrBKViCzmGc,Merry Christmas Mr. Lawrence,0,286666,False,1996,1996
2018-03-07T20:09:20Z,spotify:track:7pAUHXgfdx7Kjshg7yQ8Tj,A Day a Gorilla Gives a Banana,0,100960,False,1996,1996
2018-03-07T20:09:20Z,spotify:track:5I5mTVbYfzg39b0PgVRrTo,Rain,0,218440,False,1996,1996
2018-03-07T20:09:20Z,spotify:track:4RrvySgpju5JH1q3nhZrQ2,Bibo no Aozora,0,396933,False,1996,1996
2018-03-07T20:09:20Z,spotify:track:2co33IyB7NOndVwAA4zRMe,The Last Emperor,0,353266,False,1996,1996
2018-03-07T20:09:20Z,spotify:track:7C8rc2fyMmtbxajILqVuXi,1919,0,382360,False,1996,1996
2018-03-07T20:09:20Z,spotify:track:3ZYtcHBNGacBiA7l7Q5oMr,M.A.Y. in The Backyard,0,264373,False,1996,1996
2018-03-07T20:09:20Z,spotify:track:1f32sV9Ssx4HM4CzLoI7Jq,The Sheltering Sky,0,273893,False,1996,1996
2018-03-07T20:09:20Z,spotify:track:7aOnMsuTyEKZi9RkKTIkA3,High Heels (Main Theme),0,198600,False,1996,1996
2018-03-07T20:09:20Z,spotify:track:7li8LPDjTOUgFGPPXkDnA4,Aoneko no Torso,0,152973,False,1996,1996
2018-03-07T20:09:20Z,spotify:track:5UVKISF1TBBb5e7Hy1pHwc,The Wuthering Heights,0,321026,False,1996,1996
2018-02-27T02:45:47Z,spotify:track:11JD3hqNxWMK01iZ76lUMb,X,38,304875,False,WAHALLA,2017-05-08
2018-02-27T02:45:47Z,spotify:track:44DwGouibLla1QsKYhxs3m,PUSHER,35,228989,False,WAHALLA,2017-05-08
2018-02-27T02:45:47Z,spotify:track:06hMjqeUJ2nTfpNjEJ5Ab3,MASS APPEAL,27,207777,False,WAHALLA,2017-05-08
2018-02-27T02:45:47Z,spotify:track:6lsgswFrdP2BaYB1PWFMAN,VIPER,21,61126,False,WAHALLA,2017-05-08
2018-02-27T02:45:47Z,spotify:track:5f4hD4PkU1SkU3KgYYvAdT,PARO,24,181106,False,WAHALLA,2017-05-08
2018-02-27T02:45:47Z,spotify:track:5QTvjrXexfyUSFz4PcLMVq,HAD MY GUARD UP 2 U (SINCE '92),26,172747,False,WAHALLA,2017-05-08
2018-02-27T02:45:47Z,spotify:track:08ICK6hzmhIdNcvYr2geeZ,TRIPLE BEAM,25,86831,False,WAHALLA,2017-05-08
2018-02-27T02:45:47Z,spotify:track:5AtKRUmjE9lrCG7DZeYQYj,FUCKBOY ANTHEM,29,244662,False,WAHALLA,2017-05-08
2018-02-26T16:12:27Z,spotify:track:5cUninBLzRzkwuXqvc9fjp,Nightly,18,63812,False,Early Tapes 1996 - 1998,2016-12-09
2018-02-26T16:12:27Z,spotify:track:4dAShtV98N0Na4vkM6R5qB,The Creeps,15,113677,False,Early Tapes 1996 - 1998,2016-12-09
2018-02-26T16:12:27Z,spotify:track:3Fs7uyshXC8K2ELNrs8IKl,For Kaye June 6,14,303717,False,Early Tapes 1996 - 1998,2016-12-09
2018-02-26T16:12:27Z,spotify:track:3Oh4LtUCw2sTy17FtPMeEI,Night Time,14,244530,False,Early Tapes 1996 - 1998,2016-12-09
2018-02-26T16:12:27Z,spotify:track:0O16DMTWjmid6wPhDcNWng,(Bass),9,41461,False,Early Tapes 1996 - 1998,2016-12-09
2018-02-26T16:12:27Z,spotify:track:27EokqH08jWYo5X68ABJ8C,"Microphone, Pt. 1",12,120656,False,Early Tapes 1996 - 1998,2016-12-09
2018-02-26T16:12:27Z,spotify:track:3kPS6E7M9mM6W4JatyoU7t,Compressor,14,173829,False,Early Tapes 1996 - 1998,2016-12-09
2018-02-26T16:12:27Z,spotify:track:0BA5TR3LNpm7xOVisYJD3g,"Microphone, Pt. 2",14,140698,False,Early Tapes 1996 - 1998,2016-12-09
2018-02-26T16:12:27Z,spotify:track:3KwsQBotlJq9WDNrGCFrdN,Rebirth on Tape Deck Mountain,13,87608,False,Early Tapes 1996 - 1998,2016-12-09
2018-02-26T15:42:16Z,spotify:track:0jSe9eNyq2ObwievmlmhEI,the day after 4th July,12,136519,False,U.S. GIRLS on KRAAK,2011-10-26
2018-02-26T15:24:27Z,spotify:track:7rvWg8R3bFEbVPqY1sD7Kj,Time,0,468584,False,In a Poem Unlimited,2018-02-16
2018-02-26T15:16:57Z,spotify:track:38hW5P28UiMucRCpThrtq6,Poem,1,210716,False,In a Poem Unlimited,2018-02-16
2018-02-26T15:06:32Z,spotify:track:1pfwncYpoQWlIkUHHL1wQN,Incidental Boogie,0,203381,False,In a Poem Unlimited,2018-02-16
2018-02-23T20:53:33Z,spotify:track:3klBAH0wi8hR1kvRmiHRvw,Piel,5,247553,False,Arca,2017-04-07
2018-02-22T20:49:14Z,spotify:track:7lW2HbFRh65PMz82J7mPnb,passionfruit,0,274728,False,EP2,2017-11-03
2018-02-21T21:22:48Z,spotify:track:2owfRZcJRL2GHvCCjUbTXE,Blind,0,271133,False,White Light from the Mouth of Infinity,1991
2018-02-15T15:47:15Z,spotify:track:6sVQNUvcVFTXvlk3ec0ngd,Cherry-coloured Funk,22,192466,False,Heaven Or Las Vegas (Remastered),1990-09-17
2018-02-13T20:00:54Z,spotify:track:7h1KZQvRUqKpxDFc9ntjvM,Sad Pony Guerrilla Girl,0,198000,False,A Promise,2003
2018-02-13T19:42:41Z,spotify:track:0QYBSRi2hKfkNFVwRJX3iz,Stranger's Kiss (Duet with Angel Olsen),43,241467,False,Forced Witness,2017-09-08
2018-02-07T16:01:49Z,spotify:track:15kQ1JTse3sMJh7IGAkfqq,"No Inside, No Out",18,108483,False,No Flashlight,2015-09-25
2018-02-07T15:43:19Z,spotify:track:5n06Jroq3ruFU5WJYnN8JO,Country,32,112590,False,The House,2018-01-19
2018-02-05T20:49:19Z,spotify:track:4Zii1rxtVVaMZDJXX855mS,Time To Live,30,343613,False,Dedicated To Bobby Jameson,2017-09-15
2018-02-05T19:02:55Z,spotify:track:2yRY3MKlMMsutDYe0D5hFH,A Song Of Summer,13,607500,False,On The Echoing Green,2017-06-16
2018-02-05T18:53:22Z,spotify:track:1aRjGCLsUfLf24Vm4ToeHy,Angel Cum Clean,0,127401,False,Holo Pleasures / California Dreamin',2016-06-03
2018-02-05T18:37:19Z,spotify:track:1d5BIneDkbaaVe6a5XdM3E,Names of Stars,0,252000,False,Angels in America / Weyes Blood Split,2011
2018-02-05T18:28:30Z,spotify:track:3T6hC2yWf0fsUxM7uWXkDn,Pop 1,40,311560,False,Pop,2000
2018-02-05T18:26:30Z,spotify:track:4XhkzrZ25JQRKxnyI5NAoL,I Do Not Care for the Winter Sun,0,190982,False,B-Sides and Rarities,2017-06-30
2018-02-02T19:58:44Z,spotify:track:24uuDkIjZdkaoFqAy4IJbP,Oatmeal,36,168000,False,Sudan Archives,2017-07-14
2018-02-02T15:04:25Z,spotify:track:2UFvqcUwHetSCswlfiRuP4,bad news,0,168032,False,dc snuff film / waste yrself,2015-10-07
2018-02-02T15:04:25Z,spotify:track:2aIEZIFyBuTGezXBm71HHL,worthless,0,139162,False,dc snuff film / waste yrself,2015-10-07
2018-02-02T15:04:25Z,spotify:track:2vOK2vGdnSNNzkI7DtJslM,lonely boy goes to a rave,0,120954,False,dc snuff film / waste yrself,2015-10-07
2018-02-02T15:04:25Z,spotify:track:0nrFI8FEqlYwCPvMDni5sb,salvia plath,0,100984,False,dc snuff film / waste yrself,2015-10-07
